Startup Name,Overall Score,Rank,AI Analysis,problem,solution,innovation,team,business_model,market_opportunity,technical_feasibility,execution_strategy,communication
InnovateX,7.88,1,"Here is a brief, objective analysis of the startup feedback:

**Strengths:**

1. Strong team: The startup has a solid foundation with a talented team.
2. Excellent problem definition and solution: The team has a clear understanding of the problem and has developed a strong solution to address it.

**Areas for Improvement:**

1. Better market opportunity communication: The team needs to effectively communicate the market opportunity to stakeholders, investors, and potential customers.
2. Refine execution strategy: The execution plan should be refined to ensure a smooth and successful implementation of the solution.

**Actionable Recommendations:**

1. Conduct a market research study to better understand the target audience and communicate the findings to the team, investors, and stakeholders.
2. Develop a more detailed and adaptable execution plan, including milestones, timelines, and resources needed to ensure successful implementation of the solution.
3. Encourage open communication and collaboration among team members to ensure everyone is aligned and working towards the same goals.

By addressing these areas, the startup can improve its ability to communicate its value proposition and execute its strategy effectively.",8.5,7.5,9.0,8.5,7.5,6.5,8.0,7.5,7.5
TechNova,6.7,2,"Here's a brief, objective analysis of the startup feedback:

**Strengths:** The startup has demonstrated solid innovation, indicating a strong potential for creating a unique solution.

**Areas for Improvement:**

1. **Business Model:** The current business model requires significant attention and development to ensure it's scalable, sustainable, and viable.
2. **Communication:** The startup's communication strategy needs to be improved to effectively convey its value proposition and vision to stakeholders, customers, and investors.

**Actionable Recommendations:**

* Prioritize refining the business model through market research, customer feedback, and competitive analysis.
* Develop a clear and concise communication strategy, including a compelling pitch deck, website, and messaging framework.

By addressing these areas, the startup can strengthen its foundation and increase its chances of success.",7.0,6.0,8.0,7.0,6.0,7.0,6.0,7.0,6.0
